[
  {
    "id": 1,
    "name": "Стейк Рибай",
    "category": "Мясо",
    "description": "Сочный стейк Рибай из мраморной говядины, прожарка на ваш выбор. Подаётся с розмарином и чесноком.",      "price": 1850,        
    "image": "images/ribeye.jpg",
    "popular": true
  },
  {
    "id": 2,
    "name": "Томатный крем-суп",
    "category": "Супы",
    "description": "Нежный крем-суп из свежих томатов с базиликом и гренками.",
    "price": 420,
    "image": "images/tomato-soup.jpg"
    
  },
  {
        "id": 3,
        "name": "Паста Карбонара",
        "category": "Паста",
        "description": "Классическая Карбонара с хрустящим беконом, яичным желтком и сыром Пармезан.",
        "price": 780,
        "image": "images/carbonara.jpg",
        "popular": true
    },
  {
        "id": 4,
        "name": "Салат Цезарь с курицей",
        "category": "Салаты",
        "description": "Легендарный салат с листьями романо, куриной грудкой, сухариками, Пармезаном и соусом Цезарь.",
        "price": 650,
        "image": "images/caesar.jpg",
        "popular": true
    },
  {
    "id": 5,
    "name": "Лимонад домашний",
    "category": "Напитки",
    "description": "Освежающий лимонад из свежих лимонов и мяты.",
    "price": 280,
    "image": "images/lemonade.jpg"
  },
  {
    "id": 6,
    "name": "Борщ украинский",
    "category": "Супы",
    "description": "Наваристый борщ с говядиной и сметаной. Подаётся с пампушками.",
    "price": 480,
    "image": "images/borsch.jpg"
  },
  {
        "id": 7,
        "name": "Филе лосося на гриле",
        "category": "Рыба",
        "description": "Сочное филе лосося, приготовленное на гриле, с гарниром из овощей.",
        "price": 1350,
        "image": "images/salmon.jpg",
        "popular": true
    },
  {
        "id": 8,
        "name": "Тирамису",
        "category": "Десерты",
        "description": "Классический итальянский десерт с маскарпоне и кофе.",
        "price": 400,
        "image": "images/tiramisu.jpg",
        "popular": true
  },
  {
    "id": 9,
    "name": "Медальоны из вырезки",
    "category": "Мясо",
    "description": "Нежные медальоны из говяжьей вырезки с ягодным соусом.",
    "price": 1600,
    "image": "images/beef-medallions.jpg"
  },
  {
    "id": 10,
    "name": "Каре ягненка",
    "category": "Мясо",
    "description": "Изысканное каре ягненка с мятным соусом и овощным гарниром.",
    "price": 2100,
    "image": "images/lamb-rack.jpg"
  },
  {
    "id": 11,
    "name": "Цыпленок табака",
    "category": "Мясо",
    "description": "Сочный цыпленок, запеченный под прессом, с хрустящей корочкой.",
    "price": 950,
    "image": "images/chicken-tabaka.jpg"
  },
  {
    "id": 12,
    "name": "Свиные ребрышки BBQ",
    "category": "Мясо",
    "description": "Нежные свиные ребрышки, томленые в соусе BBQ, подаются с картофелем фри.",
    "price": 1100,
    "image": "images/bbq-ribs.jpg"
  },
  {
    "id": 13,
    "name": "Бефстроганов с грибами",
    "category": "Мясо",
    "description": "Классический бефстроганов из говядины с лесными грибами и сливочным соусом.",
    "price": 1250,
    "image": "images/beef-stroganoff.jpg"
  },
  {
    "id": 14,
    "name": "Грибной крем-суп",
    "category": "Супы",
    "description": "Ароматный крем-суп из шампиньонов и белых грибов с трюфельным маслом.",
    "price": 480,
    "image": "images/mushroom-soup.jpg"
  },
  {
    "id": 15,
    "name": "Куриный бульон с лапшой",
    "category": "Супы",
    "description": "Легкий домашний бульон с куриным филе и яичной лапшой.",
    "price": 350,
    "image": "images/chicken-broth.jpg"
  },
  {
    "id": 16,
    "name": "Крем-суп из брокколи",
    "category": "Супы",
    "description": "Нежный крем-суп из свежей брокколи с добавлением сливок.",
    "price": 410,
    "image": "images/broccoli-soup.jpg"
  },
  {
    "id": 17,
    "name": "Суп-пюре из тыквы",
    "category": "Супы",
    "description": "Яркий и ароматный суп-пюре из запеченной тыквы с семечками.",
    "price": 430,
    "image": "images/pumpkin-soup.jpg"
  },
  {
    "id": 18,
    "name": "Паста Болоньезе",
    "category": "Паста",
    "description": "Сытная паста с мясным рагу по традиционному итальянскому рецепту.",
    "price": 820,
    "image": "images/pasta-bolognese.jpg"
  },
  {
    "id": 19,
    "name": "Паста с морепродуктами",
    "category": "Паста",
    "description": "Нежная паста с креветками, мидиями и кальмарами в сливочном соусе.",
    "price": 950,
    "image": "images/seafood-pasta.jpg"
  },
  {
    "id": 20,
    "name": "Паста Альфредо",
    "category": "Паста",
    "description": "Кремовая паста с курицей и грибами в соусе Альфредо.",
    "price": 800,
    "image": "images/pasta-alfredo.jpg"
  },
  {
    "id": 21,
    "name": "Феттуччини с лососем",
    "category": "Паста",
    "description": "Широкие феттуччини с кусочками лосося и шпинатом в нежном сливочном соусе.",
    "price": 920,
    "image": "images/fettuccine-salmon.jpg"
  },
  {
    "id": 22,
    "name": "Равиоли со шпинатом и рикоттой",
    "category": "Паста",
    "description": "Домашние равиоли с начинкой из шпината и сыра рикотта.",
    "price": 750,
    "image": "images/ravioli.jpg"
  },
  {
    "id": 23,
    "name": "Греческий салат",
    "category": "Салаты",
    "description": "Свежий салат с томатами, огурцами, перцем, маслинами, фетой и оливковым маслом.",
    "price": 580,
    "image": "images/greek-salad.jpg"
  },
  {
    "id": 24,
    "name": "Салат с креветками и авокадо",
    "category": "Салаты",
    "description": "Легкий салат с тигровыми креветками, спелым авокадо и миксом салата.",
    "price": 720,
    "image": "images/shrimp-avocado-salad.jpg"
  },
  {
    "id": 25,
    "name": "Салат Капрезе",
    "category": "Салаты",
    "description": "Итальянский салат из свежих томатов, моцареллы и базилика.",
    "price": 600,
    "image": "images/caprese-salad.jpg"
  },
  {
    "id": 26,
    "name": "Винегрет",
    "category": "Салаты",
    "description": "Традиционный русский салат из вареных овощей и квашеной капусты.",
    "price": 350,
    "image": "images/vinaigrette.jpg"
  },
  {
    "id": 27,
    "name": "Салат с тунцом",
    "category": "Салаты",
    "description": "Сытный салат с консервированным тунцом, яйцом, картофелем и зеленым горошком.",
    "price": 590,
    "image": "images/tuna-salad.jpg"
  },
  {
    "id": 28,
    "name": "Судак на пару с овощами",
    "category": "Рыба",
    "description": "Нежное филе судака, приготовленное на пару, с букетом сезонных овощей.",
    "price": 1150,
    "image": "images/cod-fillet.jpg"
  },
  {
    "id": 29,
    "name": "Креветки гриль с соусом чили",
    "category": "Рыба",
    "description": "Сочные тигровые креветки на гриле с острым соусом чили и лаймом.",
    "price": 1400,
    "image": "images/shrimp-skewer.jpg"
  },
  {
    "id": 30,
    "name": "Мохито безалкогольный",
    "category": "Напитки",
    "description": "Классический Мохито без алкоголя с лаймом и мятой.",
    "price": 320,
    "image": "images/mojito.jpg"
  },
  {
    "id": 31,
    "name": "Свежевыжатый апельсиновый сок",
    "category": "Напитки",
    "description": "Натуральный сок из свежих апельсинов.",
    "price": 350,
    "image": "images/orange-juice.jpg"
  },
  {
    "id": 32,
    "name": "Морс клюквенный",
    "category": "Напитки",
    "description": "Традиционный русский напиток из клюквы.",
    "price": 250,
    "image": "images/cranberry-mors.jpg"
  },
  {
    "id": 33,
    "name": "Кофе Американо",
    "category": "Напитки",
    "description": "Классический черный кофе.",
    "price": 200,
    "image": "images/americano.jpg"
  },
  {
    "id": 34,
    "name": "Чай черный Эрл Грей",
    "category": "Напитки",
    "description": "Ароматный черный чай с бергамотом.",
    "price": 180,
    "image": "images/earl-grey.jpg"
  },
  {
    "id": 35,
    "name": "Чизкейк Нью-Йорк",
    "category": "Десерты",
    "description": "Нежный сливочный чизкейк на песочной основе.",
    "price": 380,
    "image": "images/cheesecake.jpg"
  },
  {
    "id": 36,
    "name": "Шоколадный фондан",
    "category": "Десерты",
    "description": "Теплый шоколадный кекс с жидким центром, подается с шариком ванильного мороженого.",
    "price": 450,
    "image": "images/chocolate-fondant.jpg"
  },
  {
    "id": 37,
    "name": "Мороженое ассорти",
    "category": "Десерты",
    "description": "Три шарика мороженого на выбор: ванильное, шоколадное, клубничное.",
    "price": 300,
    "image": "images/ice-cream.jpg"
  },
  {
    "id": 38,
    "name": "Фруктовый салат",
    "category": "Десерты",
    "description": "Легкий салат из свежих фруктов под йогуртовой заправкой.",
    "price": 320,
    "image": "images/fruit-salad.jpg"
  },
  {
    "id": 39,
    "name": "Яблочный штрудель",
    "category": "Десерты",
    "description": "Классический яблочный штрудель с корицей и изюмом, подается горячим.",
    "price": 370,
    "image": "images/apple-strudel.jpg"
  }
]
